Method,Name,Error,Occurrences
DELETE,/users/6652e32f10eabe4ff05c9d9d,HTTPError('404 Client Error: Not Found for url: /users/6652e32f10eabe4ff05c9d9d'),1
DELETE,/users/6652e32e0b92b22937af3786,HTTPError('404 Client Error: Not Found for url: /users/6652e32e0b92b22937af3786'),2
DELETE,/users/6652e33610eabe90b85c9eb8,HTTPError('404 Client Error: Not Found for url: /users/6652e33610eabe90b85c9eb8'),1
DELETE,/users/6652e3360b92b2d6a4af3905,HTTPError('404 Client Error: Not Found for url: /users/6652e3360b92b2d6a4af3905'),1
DELETE,/users/6652e33110eabed11c5c9de3,HTTPError('404 Client Error: Not Found for url: /users/6652e33110eabed11c5c9de3'),2
DELETE,/users/6652e32d10eabe76355c9d36,HTTPError('404 Client Error: Not Found for url: /users/6652e32d10eabe76355c9d36'),2
DELETE,/users/6652e3320b92b21d4aaf3850,HTTPError('404 Client Error: Not Found for url: /users/6652e3320b92b21d4aaf3850'),1
DELETE,/users/6652e33110eabe199e5c9de7,HTTPError('404 Client Error: Not Found for url: /users/6652e33110eabe199e5c9de7'),1
DELETE,/users/6652e33010eabeed915c9dcc,HTTPError('404 Client Error: Not Found for url: /users/6652e33010eabeed915c9dcc'),2
DELETE,/users/6652e3300b92b2218daf37fe,HTTPError('404 Client Error: Not Found for url: /users/6652e3300b92b2218daf37fe'),1
DELETE,/users/6652e3350b92b23f8daf38cc,HTTPError('404 Client Error: Not Found for url: /users/6652e3350b92b23f8daf38cc'),2
DELETE,/users/6652e3370b92b2243caf393a,HTTPError('404 Client Error: Not Found for url: /users/6652e3370b92b2243caf393a'),1
DELETE,/users/6652e32d0b92b21097af376f,HTTPError('404 Client Error: Not Found for url: /users/6652e32d0b92b21097af376f'),1
DELETE,/users/6652e33410eabeca335c9e69,HTTPError('404 Client Error: Not Found for url: /users/6652e33410eabeca335c9e69'),1
DELETE,/users/6652e33410eabe5f995c9e5d,HTTPError('404 Client Error: Not Found for url: /users/6652e33410eabe5f995c9e5d'),1
DELETE,/users/6652e33510eabeb7fc5c9e86,HTTPError('404 Client Error: Not Found for url: /users/6652e33510eabeb7fc5c9e86'),1
DELETE,/users/6652e3320b92b2f524af3843,HTTPError('404 Client Error: Not Found for url: /users/6652e3320b92b2f524af3843'),1
DELETE,/users/6652e33210eabe487a5c9e17,HTTPError('404 Client Error: Not Found for url: /users/6652e33210eabe487a5c9e17'),1
DELETE,/users/6652e33210eabe7e7a5c9e0c,HTTPError('404 Client Error: Not Found for url: /users/6652e33210eabe7e7a5c9e0c'),1
DELETE,/users/6652e3360b92b20500af38ec,HTTPError('404 Client Error: Not Found for url: /users/6652e3360b92b20500af38ec'),2
DELETE,/users/6652e3370b92b2fddfaf392a,HTTPError('404 Client Error: Not Found for url: /users/6652e3370b92b2fddfaf392a'),3
DELETE,/users/6652e33510eabe7a165c9ea3,HTTPError('404 Client Error: Not Found for url: /users/6652e33510eabe7a165c9ea3'),1
DELETE,/users/6652e33510eabe2c1e5c9e82,HTTPError('404 Client Error: Not Found for url: /users/6652e33510eabe2c1e5c9e82'),1
DELETE,/users/6652e3340b92b2b35daf3894,HTTPError('404 Client Error: Not Found for url: /users/6652e3340b92b2b35daf3894'),1
DELETE,/users/6652e33510eabe0ae35c9e88,HTTPError('404 Client Error: Not Found for url: /users/6652e33510eabe0ae35c9e88'),2
DELETE,/users/6652e33510eabe4f655c9e8c,HTTPError('404 Client Error: Not Found for url: /users/6652e33510eabe4f655c9e8c'),1
DELETE,/users/6652e3350b92b25913af38da,HTTPError('404 Client Error: Not Found for url: /users/6652e3350b92b25913af38da'),1
DELETE,/users/6652e32f0b92b28ac4af37b4,HTTPError('404 Client Error: Not Found for url: /users/6652e32f0b92b28ac4af37b4'),1
DELETE,/users/6652e33110eabe602f5c9df3,HTTPError('404 Client Error: Not Found for url: /users/6652e33110eabe602f5c9df3'),1
DELETE,/users/6652e3380b92b27862af395b,HTTPError('404 Client Error: Not Found for url: /users/6652e3380b92b27862af395b'),2
DELETE,/users/6652e33310eabe86dd5c9e2f,HTTPError('404 Client Error: Not Found for url: /users/6652e33310eabe86dd5c9e2f'),2
DELETE,/users/6652e32e10eabe71315c9d79,HTTPError('404 Client Error: Not Found for url: /users/6652e32e10eabe71315c9d79'),1
DELETE,/users/6652e3310b92b229bbaf3800,HTTPError('404 Client Error: Not Found for url: /users/6652e3310b92b229bbaf3800'),2
DELETE,/users/6652e33210eabe31135c9e1f,HTTPError('404 Client Error: Not Found for url: /users/6652e33210eabe31135c9e1f'),1
DELETE,/users/6652e3350b92b235dcaf38d0,HTTPError('404 Client Error: Not Found for url: /users/6652e3350b92b235dcaf38d0'),1
DELETE,/users/6652e33010eabee64e5c9dca,HTTPError('404 Client Error: Not Found for url: /users/6652e33010eabee64e5c9dca'),1
DELETE,/users/6652e3300b92b228a7af37e1,HTTPError('404 Client Error: Not Found for url: /users/6652e3300b92b228a7af37e1'),1
DELETE,/users/6652e3370b92b23e50af3935,HTTPError('404 Client Error: Not Found for url: /users/6652e3370b92b23e50af3935'),3
DELETE,/users/6652e33210eabe642f5c9e15,HTTPError('404 Client Error: Not Found for url: /users/6652e33210eabe642f5c9e15'),1
DELETE,/users/6652e3370b92b2d4d1af3930,HTTPError('404 Client Error: Not Found for url: /users/6652e3370b92b2d4d1af3930'),1
DELETE,/users/6652e33110eabed65a5c9dfd,HTTPError('404 Client Error: Not Found for url: /users/6652e33110eabed65a5c9dfd'),2
DELETE,/users/6652e32f10eabe8c2c5c9d85,HTTPError('404 Client Error: Not Found for url: /users/6652e32f10eabe8c2c5c9d85'),1
DELETE,/users/6652e33110eabe9b235c9ded,HTTPError('404 Client Error: Not Found for url: /users/6652e33110eabe9b235c9ded'),1
DELETE,/users/6652e32f10eabe5a215c9d8b,HTTPError('404 Client Error: Not Found for url: /users/6652e32f10eabe5a215c9d8b'),1
DELETE,/users/6652e3300b92b25faeaf37ef,HTTPError('404 Client Error: Not Found for url: /users/6652e3300b92b25faeaf37ef'),4
DELETE,/users/6652e32f10eabe00db5c9da0,HTTPError('404 Client Error: Not Found for url: /users/6652e32f10eabe00db5c9da0'),1
DELETE,/users/6652e33810eabe82f35c9f09,HTTPError('404 Client Error: Not Found for url: /users/6652e33810eabe82f35c9f09'),2
DELETE,/users/6652e33310eabe43c45c9e42,HTTPError('404 Client Error: Not Found for url: /users/6652e33310eabe43c45c9e42'),1
DELETE,/users/6652e32d0b92b26be3af375e,HTTPError('404 Client Error: Not Found for url: /users/6652e32d0b92b26be3af375e'),5
DELETE,/users/6652e3360b92b2a9daaf3900,HTTPError('404 Client Error: Not Found for url: /users/6652e3360b92b2a9daaf3900'),1
DELETE,/users/6652e3310b92b2650baf3816,HTTPError('404 Client Error: Not Found for url: /users/6652e3310b92b2650baf3816'),1
DELETE,/users/6652e32e0b92b277eeaf3792,HTTPError('404 Client Error: Not Found for url: /users/6652e32e0b92b277eeaf3792'),1
DELETE,/users/6652e3340b92b20c8baf38b2,HTTPError('404 Client Error: Not Found for url: /users/6652e3340b92b20c8baf38b2'),1
DELETE,/users/6652e33410eabe4f6a5c9e7c,HTTPError('404 Client Error: Not Found for url: /users/6652e33410eabe4f6a5c9e7c'),1
DELETE,/users/6652e33210eabe40cd5c9e09,HTTPError('404 Client Error: Not Found for url: /users/6652e33210eabe40cd5c9e09'),3
DELETE,/users/6652e3350b92b2dba4af38d2,HTTPError('404 Client Error: Not Found for url: /users/6652e3350b92b2dba4af38d2'),2
DELETE,/users/6652e3370b92b21e11af3923,HTTPError('404 Client Error: Not Found for url: /users/6652e3370b92b21e11af3923'),1
DELETE,/users/6652e33710eabe0a825c9efa,HTTPError('404 Client Error: Not Found for url: /users/6652e33710eabe0a825c9efa'),1
DELETE,/users/6652e3300b92b23912af37f4,HTTPError('404 Client Error: Not Found for url: /users/6652e3300b92b23912af37f4'),1
DELETE,/users/6652e3320b92b24a55af3860,HTTPError('404 Client Error: Not Found for url: /users/6652e3320b92b24a55af3860'),3
DELETE,/users/6652e3300b92b20c7faf37e6,HTTPError('404 Client Error: Not Found for url: /users/6652e3300b92b20c7faf37e6'),1
DELETE,/users/6652e33010eabe98505c9db3,HTTPError('404 Client Error: Not Found for url: /users/6652e33010eabe98505c9db3'),1
DELETE,/users/6652e33510eabed7855c9e8a,HTTPError('404 Client Error: Not Found for url: /users/6652e33510eabed7855c9e8a'),2
DELETE,/users/6652e32f0b92b239d1af37c4,HTTPError('404 Client Error: Not Found for url: /users/6652e32f0b92b239d1af37c4'),2
DELETE,/users/6652e33510eabe6aba5c9ea9,HTTPError('404 Client Error: Not Found for url: /users/6652e33510eabe6aba5c9ea9'),1
DELETE,/users/6652e3330b92b231d3af388d,HTTPError('404 Client Error: Not Found for url: /users/6652e3330b92b231d3af388d'),5
DELETE,/users/6652e32d0b92b21340af3768,HTTPError('404 Client Error: Not Found for url: /users/6652e32d0b92b21340af3768'),1
DELETE,/users/6652e33310eabe7a335c9e31,HTTPError('404 Client Error: Not Found for url: /users/6652e33310eabe7a335c9e31'),2
DELETE,/users/6652e3360b92b20ee8af38f8,HTTPError('404 Client Error: Not Found for url: /users/6652e3360b92b20ee8af38f8'),1
DELETE,/users/6652e3380b92b262c1af3949,HTTPError('404 Client Error: Not Found for url: /users/6652e3380b92b262c1af3949'),2
DELETE,/users/6652e33410eabe7f685c9e77,HTTPError('404 Client Error: Not Found for url: /users/6652e33410eabe7f685c9e77'),4
DELETE,/users/6652e32d10eabe71d25c9d50,HTTPError('404 Client Error: Not Found for url: /users/6652e32d10eabe71d25c9d50'),2
DELETE,/users/6652e33410eabe58185c9e6f,HTTPError('404 Client Error: Not Found for url: /users/6652e33410eabe58185c9e6f'),1
DELETE,/users/6652e3310b92b23831af3807,HTTPError('404 Client Error: Not Found for url: /users/6652e3310b92b23831af3807'),1
DELETE,/users/6652e3370b92b2bd81af3928,HTTPError('404 Client Error: Not Found for url: /users/6652e3370b92b2bd81af3928'),2
DELETE,/users/6652e3300b92b2b7c1af37df,HTTPError('404 Client Error: Not Found for url: /users/6652e3300b92b2b7c1af37df'),1
DELETE,/users/6652e33810eabeed5a5c9f10,HTTPError('404 Client Error: Not Found for url: /users/6652e33810eabeed5a5c9f10'),2
DELETE,/users/6652e33310eabeeccc5c9e3b,HTTPError('404 Client Error: Not Found for url: /users/6652e33310eabeeccc5c9e3b'),1
DELETE,/users/6652e32d0b92b225e7af376a,HTTPError('404 Client Error: Not Found for url: /users/6652e32d0b92b225e7af376a'),1
DELETE,/users/6652e33010eabe20975c9dd0,HTTPError('404 Client Error: Not Found for url: /users/6652e33010eabe20975c9dd0'),1
DELETE,/users/6652e3360b92b2b1a0af38e9,HTTPError('404 Client Error: Not Found for url: /users/6652e3360b92b2b1a0af38e9'),1
DELETE,/users/6652e32e0b92b29ef4af378d,HTTPError('404 Client Error: Not Found for url: /users/6652e32e0b92b29ef4af378d'),2
DELETE,/users/6652e3310b92b2c9bfaf381e,HTTPError('404 Client Error: Not Found for url: /users/6652e3310b92b2c9bfaf381e'),4
DELETE,/users/6652e3360b92b2db63af3908,HTTPError('404 Client Error: Not Found for url: /users/6652e3360b92b2db63af3908'),2
DELETE,/users/6652e3300b92b28df6af37f2,HTTPError('404 Client Error: Not Found for url: /users/6652e3300b92b28df6af37f2'),2
DELETE,/users/6652e33710eabe1b6a5c9ee6,HTTPError('404 Client Error: Not Found for url: /users/6652e33710eabe1b6a5c9ee6'),1
DELETE,/users/6652e3300b92b23343af37f8,HTTPError('404 Client Error: Not Found for url: /users/6652e3300b92b23343af37f8'),2
DELETE,/users/6652e32e0b92b2c5cfaf378b,HTTPError('404 Client Error: Not Found for url: /users/6652e32e0b92b2c5cfaf378b'),1
DELETE,/users/6652e32d10eabe7d295c9d4e,HTTPError('404 Client Error: Not Found for url: /users/6652e32d10eabe7d295c9d4e'),2
DELETE,/users/6652e32f10eabe8d3a5c9da9,HTTPError('404 Client Error: Not Found for url: /users/6652e32f10eabe8d3a5c9da9'),3
DELETE,/users/6652e33010eabe57b25c9dd9,HTTPError('404 Client Error: Not Found for url: /users/6652e33010eabe57b25c9dd9'),1
DELETE,/users/6652e32f0b92b226a1af37aa,HTTPError('404 Client Error: Not Found for url: /users/6652e32f0b92b226a1af37aa'),1
DELETE,/users/6652e32e0b92b27447af3781,HTTPError('404 Client Error: Not Found for url: /users/6652e32e0b92b27447af3781'),1
DELETE,/users/6652e32d10eabe07a55c9d38,HTTPError('404 Client Error: Not Found for url: /users/6652e32d10eabe07a55c9d38'),1
DELETE,/users/6652e33410eabeac435c9e64,HTTPError('404 Client Error: Not Found for url: /users/6652e33410eabeac435c9e64'),1
DELETE,/users/6652e32d10eabe85805c9d43,HTTPError('404 Client Error: Not Found for url: /users/6652e32d10eabe85805c9d43'),2
DELETE,/users/6652e3350b92b24033af38b8,HTTPError('404 Client Error: Not Found for url: /users/6652e3350b92b24033af38b8'),2
DELETE,/users/6652e33210eabe66255c9e28,HTTPError('404 Client Error: Not Found for url: /users/6652e33210eabe66255c9e28'),3
DELETE,/users/6652e32f10eabed8ec5c9da2,HTTPError('404 Client Error: Not Found for url: /users/6652e32f10eabed8ec5c9da2'),1
DELETE,/users/6652e32e10eabea1c25c9d5b,HTTPError('404 Client Error: Not Found for url: /users/6652e32e10eabea1c25c9d5b'),1
DELETE,/users/6652e3310b92b26b46af3821,HTTPError('404 Client Error: Not Found for url: /users/6652e3310b92b26b46af3821'),2
DELETE,/users/6652e32d0b92b2ed5aaf3772,HTTPError('404 Client Error: Not Found for url: /users/6652e32d0b92b2ed5aaf3772'),1
DELETE,/users/6652e33010eabe29145c9db1,HTTPError('404 Client Error: Not Found for url: /users/6652e33010eabe29145c9db1'),2
DELETE,/users/6652e3350b92b2e5e6af38dc,HTTPError('404 Client Error: Not Found for url: /users/6652e3350b92b2e5e6af38dc'),1
